{
    "Barcode": [],
    "Classifier": [],
    "Detector": [],
    "Fiducial": [
        {
            "fID": 10,
            "fam": "36H11C",
            "pts": [],
            "skew": [],
            "t6c_ts": [
                -0.19773396164464702,
                -0.026674505994109844,
                -0.7392818561758873,
                -0.4779337272163865,
                12.555849681395626,
                -13.656107229314278
            ],
            "t6r_fs": [
                2.714024406176516,
                0.19763494252001337,
                0.33477650599410985,
                -13.336182614898158,
                -2.476958447630564,
                -12.322234676951267
            ],
            "t6r_fs_orb": [
                2.7525010108947754,
                0.01702730543911457,
                0.0,
                0.0,
                0.0,
                0.0
            ],
            "t6r_ts": [
                -0.19773396164464702,
                -0.026674505994109844,
                -0.7392818561758873,
                -0.4779337272163865,
                12.555849681395626,
                -13.656107229314278
            ],
            "t6t_cs": [
                0.020688448782327656,
                0.06624547398757766,
                0.7625820854122682,
                -2.535271375812226,
                -12.310391464427866,
                13.876985875760454
            ],
            "t6t_rs": [
                0.020688448782327656,
                0.06624547398757766,
                0.7625820854122682,
                -2.535271375812226,
                -12.310391464427866,
                13.876985875760454
            ],
            "ta": 0.02459769695997238,
            "tx": 2.5211227747067255,
            "tx_nocross": 1.554022916281994,
            "txp": 672.18017578125,
            "ty": -3.087314009916028,
            "ty_nocross": -4.964817161322202,
            "typ": 439.6698913574219
        },
        {
            "fID": 7,
            "fam": "36H11C",
            "pts": [],
            "skew": [],
            "t6c_ts": [
                -0.23484030490646293,
                0.3282155737789646,
                -0.7506376078173288,
                -1.3050965191064603,
                14.302686043448656,
                -11.34062471384465
            ],
            "t6r_fs": [
                5.867135296232419,
                -0.2349413008485816,
                -0.02011357377896461,
                -10.988571728275696,
                -1.5033413374941635,
                165.7162363308869
            ],
            "t6r_fs_orb": [
                4.327946662902832,
                0.09783974289894104,
                0.0,
                0.0,
                0.0,
                0.0
            ],
            "t6r_ts": [
                -0.23484030490646293,
                0.3282155737789646,
                -0.7506376078173288,
                -1.3050965191064603,
                14.302686043448656,
                -11.34062471384465
            ],
            "t6t_cs": [
                0.10021762793315143,
                -0.2937820316740482,
                0.7937132951300856,
                -1.5512596097816065,
                -14.278592236183686,
                11.371183407035724
            ],
            "t6t_rs": [
                0.10021762793315143,
                -0.2937820316740482,
                0.7937132951300856,
                -1.5512596097816065,
                -14.278592236183686,
                11.371183407035724
            ],
            "ta": 0.02215738780796528,
            "tx": 8.163429901957741,
            "tx_nocross": 7.19633004353301,
            "txp": 747.0384521484375,
            "ty": 22.188840629860522,
            "ty_nocross": 20.311337478454348,
            "typ": 97.12577819824219
        },
        {
            "fID": 23,
            "fam": "36H11C",
            "pts": [],
            "skew": [],
            "t6c_ts": [
                -0.44636516267001597,
                0.3333770439720736,
                -0.6724852734966127,
                -1.9486225767808563,
                17.05248796120562,
                -12.465234468395456
            ],
            "t6r_fs": [],
            "t6r_fs_orb": [],
            "t6r_ts": [
                -0.44636516267001597,
                0.3333770439720736,
                -0.6724852734966127,
                -1.9486225767808563,
                17.05248796120562,
                -12.465234468395456
            ],
            "t6t_cs": [
                0.2882721173565162,
                -0.25596413331674445,
                0.783581587183492,
                -1.801858392045924,
                -17.068146026330005,
                12.443477688086281
            ],
            "t6t_rs": [
                0.2882721173565162,
                -0.25596413331674445,
                0.783581587183492,
                -1.801858392045924,
                -17.068146026330005,
                12.443477688086281
            ],
            "ta": 0.020640935748815536,
            "tx": 21.16518357676736,
            "tx_nocross": 20.19808371834263,
            "txp": 930.36962890625,
            "ty": 19.967606094183665,
            "ty_nocross": 18.09010294277749,
            "typ": 128.36207580566406
        }
    ],
    "PythonOut": [],
    "Retro": [],
    "botpose": [
        3.7501192826741243,
        0.004251533156367309,
        0.1999679316664167,
        166.1202577507951,
        -16.831134050680802,
        178.14476087075045
    ],
    "botpose_avgarea": 2.337754238396883,
    "botpose_avgdist": 0.8089924304241907,
    "botpose_orb": [
        3.4562209992550876,
        0.05312460113199494,
        0.0,
        0.0,
        0.0,
        0.0
    ],
    "botpose_orb_wpiblue": [
        11.726746749255087,
        4.158624601131995,
        0.0,
        0.0,
        0.0,
        0.0
    ],
    "botpose_orb_wpired": [
        4.814304609774016,
        4.052384570260511,
        0.0,
        0.0,
        0.0,
        179.99984796115507
    ],
    "botpose_span": 0.3700187122130861,
    "botpose_tagcount": 2,
    "botpose_wpiblue": [
        12.020645032674123,
        4.109751533156367,
        0.1999679316664167,
        166.1202577507951,
        -16.831134050680802,
        178.14476087075045
    ],
    "botpose_wpired": [
        4.52040645604405,
        4.101258418121602,
        0.1999679316664167,
        166.1202577507951,
        -16.831134050680802,
        -1.8553911687407623
    ],
    "cl": 16.46666717529297,
    "focus_metric": 0.0,
    "pID": 0.0,
    "pTYPE": "pipe_fiducial",
    "stdev_mt1": [
        0.002388621750284374,
        0.0006927122580528963,
        0.0009281396404239174,
        0.7544333877388346,
        1.1033576008613368,
        0.22247844544063877
    ],
    "stdev_mt2": [
        0.008831543184767565,
        0.004583261354771898,
        0.0,
        0.0,
        0.0,
        0.0
    ],
    "t6c_rs": [
        0.0,
        0.0,
        0.0,
        0.0,
        0.0,
        -0.0
    ],
    "ta": 2.4499231949448586,
    "tl": 75.13349914550781,
    "ts": 7786511.211432,
    "tx": 2.5211227747067255,
    "txnc": 1.554022916281994,
    "ty": -3.087314009916028,
    "tync": -4.964817161322202,
    "v": 1
}